rank,espn_id,name,team,pos
1,4429795,Jahmyr Gibbs,DET,RB
2,4430807,Bijan Robinson,ATL,RB
3,4362628,Ja'Marr Chase,CIN,WR
4,4426515,Puka Nacua,LAR,WR
5,4242335,Jonathan Taylor,IND,RB
6,4430878,Jaxon Smith-Njigba,SEA,WR
7,3117251,Christian McCaffrey,SF,RB
8,4374302,Amon-Ra St. Brown,DET,WR
9,4379399,James Cook III,BUF,RB
10,4429160,De'Von Achane,MIA,RB
11,4241389,CeeDee Lamb,DAL,WR
12,4262921,Justin Jefferson,MIN,WR
13,4362238,Chase Brown,CIN,RB
14,4685382,Omarion Hampton,LAC,RB
15,3929630,Saquon Barkley,PHI,RB
16,3043078,Derrick Henry,BAL,RB
17,4426502,Drake London,ATL,WR
18,4890973,Ashton Jeanty,LV,RB
19,4047646,A.J. Brown,NE,WR
20,4361307,Trey McBride,ARI,TE
21,4870808,Jeremiyah Love,ARI,RB
22,4432665,Brock Bowers,LV,TE
23,4258173,Nico Collins,HOU,WR
24,4361370,Chris Olave,NO,WR
25,4567048,Kenneth Walker III,KC,RB
26,3918298,Josh Allen,BUF,QB
27,4428331,Rashee Rice,KC,WR
28,4426354,George Pickens,DAL,WR
29,4569618,Garrett Wilson,NYJ,WR
30,4427366,Breece Hall,NYJ,RB
31,4047365,Josh Jacobs,GB,RB
32,4361579,Javonte Williams,DAL,RB
33,4595348,Malik Nabers,NYG,WR
34,4430737,Kyren Williams,LAR,RB
35,4685472,Tetairoa McMillan,CAR,WR
36,4241478,DeVonta Smith,PHI,WR
37,4429615,Zay Flowers,BAL,WR
38,4567750,Emeka Egbuka,TB,WR
39,4239996,Travis Etienne Jr.,NO,RB
40,4612826,Ladd McConkey,LAC,WR
41,4685702,Quinshon Judkins,CLE,RB
42,4723086,Colston Loveland,CHI,TE
43,4239993,Tee Higgins,CIN,WR
44,16800,Davante Adams,LAR,WR
45,4372016,Jaylen Waddle,DEN,WR
46,4696981,Cam Skattebo,NYG,RB
47,4259545,D'Andre Swift,CHI,RB
48,3916387,Lamar Jackson,BAL,QB
49,4882093,Bhayshul Tuten,JAX,RB
50,4596448,Bucky Irving,TB,RB
51,,Terry McLaurin,WSH,WR
52,,Jameson Williams,DET,WR
53,,David Montgomery,HOU,RB
54,,Rome Odunze,CHI,WR
55,,Tyler Warren,IND,TE
56,,DJ Moore,BUF,WR
57,,Jayden Daniels,WSH,QB
58,,Drake Maye,NE,QB
59,,Jadarian Price,SEA,RB
60,,Luther Burden III,CHI,WR
61,,Carnell Tate,TEN,WR
62,,Marvin Harrison Jr.,ARI,WR
63,,TreVeyon Henderson,NE,RB
64,,Joe Burrow,CIN,QB
65,,Mike Evans,SF,WR
66,,Michael Pittman Jr.,PIT,WR
67,,Rhamondre Stevenson,NE,RB
68,,DK Metcalf,PIT,WR
69,,Jalen Hurts,PHI,QB
70,,Harold Fannin Jr.,CLE,TE
71,,Courtland Sutton,DEN,WR
72,,Kyle Pitts Sr.,ATL,TE
73,,Dak Prescott,DAL,QB
74,,Tony Pollard,TEN,RB
75,,Christian Watson,GB,WR
76,,Parker Washington,JAX,WR
77,,Jaylen Warren,PIT,RB
78,,Sam LaPorta,DET,TE
79,,Kenny Gainwell,TB,RB
80,,Michael Wilson,ARI,WR
81,,George Kittle,SF,TE
82,,Rico Dowdle,PIT,RB
83,,Chuba Hubbard,CAR,RB
84,,Stefon Diggs,WSH,WR
85,,Jaxson Dart,NYG,QB
86,,Justin Herbert,LAC,QB
87,,Jonathon Brooks,CAR,RB
88,,Wan'Dale Robinson,TEN,WR
89,,Trevor Lawrence,JAX,QB
90,,Aaron Jones Sr.,MIN,RB
91,,Travis Hunter JAX,WR,,CB
92,,Rachaad White,WSH,RB
93,,Alec Pierce,IND,WR
94,,Brian Thomas Jr.,JAX,WR
95,,Jakobi Meyers,JAX,WR
96,,Matthew Golden,GB,WR
97,,Chris Godwin Jr.,TB,WR
98,,Jordan Addison,MIN,WR
99,,Caleb Williams,CHI,QB
100,,Kyle Monangai,CHI,RB
101,,J.K. Dobbins,DEN,RB
102,,Brock Purdy,SF,QB
103,,RJ Harvey,DEN,RB
104,,Tucker Kraft,GB,TE
105,,Josh Downs,IND,WR
106,,Quentin Johnston,LAC,WR
107,,Travis Kelce,KC,TE
108,,Patrick Mahomes,KC,QB
109,,Blake Corum,LAR,RB
110,,Jake Ferguson,DAL,TE
111,,Makai Lemon,PHI,WR
112,,Tyjae Spears,TEN,RB
113,,Bo Nix,DEN,QB
114,,Dallas Goedert,PHI,TE
115,,Matthew Stafford,LAR,QB
116,,Kyler Murray,MIN,QB
117,,Jacory Croskey-Merritt,WSH,RB
118,,Brandon Aubrey,DAL,K
119,,Isaiah Likely,NYG,TE
120,,Khalil Shakir,BUF,WR
121,,Jayden Reed,GB,WR
122,,Xavier Worthy,KC,WR
123,,De'Zhaun Stribling,SF,WR
124,,Mark Andrews,BAL,TE
125,,Romeo Doubs,NE,WR
126,,Jalen Coker,CAR,WR
127,,Dalton Kincaid,BUF,TE
128,,Tyler Shough,NO,QB
129,,Jared Goff,DET,QB
130,,Jordan Mason,MIN,RB
131,,Zach Charbonnet,SEA,RB
132,,Deebo Samuel Sr.,SF,WR
133,,KC Concepcion,CLE,WR
134,,Woody Marks,HOU,RB
135,,Isiah Pacheco,DET,RB
136,,Jalen McMillan,TB,WR
137,,Alvin Kamara,NO,RB
138,,Baker Mayfield,TB,QB
139,,Tank Dell,HOU,WR
140,,Daniel Jones,IND,QB
141,,Texans D/ST,HOU,DST
142,,Cameron Dicker,LAC,K
143,,Broncos D/ST,DEN,DST
144,,Chris Rodriguez Jr.,JAX,RB
145,,Tyler Allgeier,ARI,RB
146,,Jason Myers,SEA,K
147,,Dylan Sampson,CLE,RB
148,,Ka'imi Fairbairn,HOU,K
149,,Juwan Johnson,NO,TE
150,,T.J. Hockenson,MIN,TE
151,,Justice Hill,BAL,RB
152,,Eddy Pineiro,SF,K
153,,Hunter Henry,NE,TE
154,,Kenyon Sadiq,NYJ,TE
155,,Keenan Allen,IND,WR
156,,Jordan Love,GB,QB
157,,Calvin Ridley,TEN,WR
158,,MarShawn Lloyd,GB,RB
159,,Keaton Mitchell,LAC,RB
160,,Brenton Strange,JAX,TE
161,,Jaylin Noel,HOU,WR
162,,Terrance Ferguson,LAR,TE
163,,Rashid Shaheed,SEA,WR
164,,Brian Robinson Jr.,ATL,RB
165,,Denzel Boston,CLE,WR
166,,Jerry Jeudy,CLE,WR
167,,Adonai Mitchell,NYJ,WR
168,,Caleb Douglas,MIA,WR
169,,Malik Willis,MIA,QB
170,,Jordyn Tyson,NO,WR
171,,Tre Tucker,LV,WR
172,,Jalen Nailor,LV,WR
173,,Jonah Coleman,DEN,RB
174,,Mike Washington Jr.,LV,RB
175,,Braelon Allen,NYJ,RB
176,,Rashod Bateman,BAL,WR
177,,Dontayvion Wicks,PHI,WR
178,,Devaughn Vele,NO,WR
179,,Tank Bigsby,PHI,RB
180,,Ray Davis,BUF,RB
181,,Steelers D/ST,PIT,DST
182,,Seahawks D/ST,SEA,DST
183,,Rams D/ST,LAR,DST
184,,Ravens D/ST,BAL,DST
185,,Eagles D/ST,PHI,DST
186,,Browns D/ST,CLE,DST
187,,Patriots D/ST,NE,DST
188,,Lions D/ST,DET,DST
189,,Chiefs D/ST,KC,DST
190,,Chargers D/ST,LAC,DST
191,,Harrison Mevis,LAR,K
192,,Harrison Butker,KC,K
193,,Cam Little,JAX,K
194,,Jake Bates,DET,K
195,,Tyler Loop,BAL,K
196,,Cairo Santos,CHI,K
197,,Will Reichard,MIN,K
198,,Najee Harris,NYG,RB
199,,Ja'Kobi Lane,BAL,WR
200,,C.J. Stroud,HOU,QB
201,,Sam Darnold,SEA,QB
202,,Jauan Jennings,MIN,WR
203,,Germie Bernard,PIT,WR
204,,Tre' Harris,LAC,WR
205,,Ryan Flournoy,DAL,WR
206,,Pat Freiermuth,PIT,TE
207,,Dalton Schultz,HOU,TE
208,,Zachariah Branch,ATL,WR
209,,Omar Cooper Jr.,NYJ,WR
210,,Kayshon Boutte,HOU,WR
211,,Malik Washington,MIA,WR
212,,Jordan James,SF,RB
213,,Kaelon Black,SF,RB
214,,Kimani Vidal,LAC,RB
215,,Gunnar Helm,TEN,TE
216,,Chig Okonkwo,WSH,TE
217,,AJ Barner,SEA,TE
218,,Bryce Young,CAR,QB
219,,Cam Ward,TEN,QB
220,,Jacoby Brissett,ARI,QB
221,,Jaylen Wright,MIA,RB
222,,Ollie Gordon II,MIA,RB
223,,Samaje Perine,CIN,RB
224,,Cooper Kupp,SEA,WR
225,,Ty Johnson,BUF,RB
226,,Isaiah Davis,NYJ,RB
227,,Xavier Legette,CAR,WR
228,,Jahan Dotson,ATL,WR
229,,Darius Slayton,NYG,WR
230,,Jalen Tolbert,MIA,WR
231,,DeMario Douglas,NE,WR
232,,Chris Bell,MIA,WR
233,,Antonio Williams,WSH,WR
234,,Tyquan Thornton,KC,WR
235,,Buccaneers D/ST,TB,DST
236,,Packers D/ST,GB,DST
237,,Chris Boswell,PIT,K
238,,Chase McLaughlin,TB,K
239,,Jaydon Blue,DAL,RB
240,,Kaytron Allen,WSH,RB
241,,Tyrone Tracy Jr.,NYG,RB
242,,Nicholas Singleton,TEN,RB
243,,Demond Claiborne,MIN,RB
244,,Adam Randall,BAL,RB
245,,Emmett Johnson,KC,RB
246,,LeQuint Allen Jr.,JAX,RB
247,,George Holani,SEA,RB
248,,Sean Tucker,TB,RB
249,,James Conner,ARI,RB
250,,Emari Demercado,KC,RB
251,,Seth McGowan,IND,RB
252,,Keon Coleman,BUF,WR
253,,Isaac TeSlaa,DET,WR
254,,Jaguars D/ST,JAX,DST
255,,Saints D/ST,NO,DST
256,,Evan McPherson,CIN,K
257,,Nick Folk,ATL,K
258,,Greg Dulcich,MIA,TE
259,,Darren Waller,CAR,TE
260,,Cade Otton,TB,TE
261,,Pat Bryant,DEN,WR
262,,Darnell Mooney,NYG,WR
263,,Marvin Mims Jr.,DEN,WR
264,,Malachi Fields,NYG,WR
265,,Chris Brooks,GB,RB
266,,Emanuel Wilson,SEA,RB
267,,Geno Smith,NYJ,QB
268,,Fernando Mendoza,LV,QB
269,,Aaron Rodgers,PIT,QB
270,,Deshaun Watson,CLE,QB
271,,KaVontae Turpin,DAL,WR
272,,Jack Bech,LV,WR
273,,Tory Horton,SEA,WR
274,,Ted Hurst III,TB,WR
275,,Andrei Iosivas,CIN,WR
276,,Will Shipley,PHI,RB
277,,Malik Davis,DAL,RB
278,,Kendre Miller,NO,RB
279,,Tahj Brooks,CIN,RB
280,,Trevor Etienne,CAR,RB
281,,DJ Giddens,IND,RB
282,,Jawhar Jordan,HOU,RB
283,,Kaleb Johnson,PIT,RB
284,,Mack Hollins,NE,WR
285,,Bears D/ST,CHI,DST
286,,Jets D/ST,NYJ,DST
287,,Trey Smack,GB,K
288,,Jake Elliott,PHI,K
289,,Evan Engram,DEN,TE
290,,David Njoku,LAC,TE
291,,Oronde Gadsden,LAC,TE
292,,Mike Gesicki,CIN,TE
293,,Michael Mayer,LV,TE
294,,Tutu Atwell,LAR,WR
295,,Cyrus Allen,KC,WR
296,,Tua Tagovailoa,ATL,QB
297,,49ers D/ST,SF,DST
298,,Cowboys D/ST,DAL,DST
299,,Colts D/ST,IND,DST
300,,Vikings D/ST,MIN,DST
