rank_ecr,player,pos,team,bye,rank_avg,rank_best,rank_worst,rank_std,adp,tier,pos_rank
1,"Ja'Marr Chase",WR,CIN,6,1.52,1,4,0.92,3,1,WR1
2,"Jahmyr Gibbs",RB,DET,6,2.48,1,7,1.30,1,1,RB1
3,"Puka Nacua",WR,LAR,11,3.21,1,8,1.20,4,1,WR2
4,"Bijan Robinson",RB,ATL,11,4.10,2,7,1.43,2,1,RB2
5,"Jaxon Smith-Njigba",WR,SEA,11,4.68,1,8,1.28,6,1,WR3
6,"Amon-Ra St. Brown",WR,DET,6,5.42,3,9,1.26,8,1,WR4
7,"CeeDee Lamb",WR,DAL,14,8.99,6,16,1.81,10,2,WR5
8,"Christian McCaffrey",RB,SF,8,9.20,5,24,4.21,5,2,RB3
9,"Justin Jefferson",WR,MIN,6,9.36,4,20,2.30,12,2,WR6
10,"Jonathan Taylor",RB,IND,13,11.90,7,33,5.30,7,2,RB4
11,"Drake London",WR,ATL,11,12.86,8,26,3.78,19,2,WR7
12,"A.J. Brown",WR,NE,11,14.21,6,35,5.17,20,3,WR8
13,"James Cook III",RB,BUF,7,15.99,7,34,6.50,9,3,RB5
14,"Nico Collins",WR,HOU,8,15.99,9,28,3.87,24,3,WR9
15,"Chase Brown",RB,CIN,6,17.93,8,34,5.60,14,3,RB6
16,"Chris Olave",WR,NO,8,18.01,9,36,5.74,27,3,WR10
17,"Brock Bowers",TE,LV,13,18.97,11,57,5.03,22,3,TE1
18,"George Pickens",WR,DAL,14,20.43,9,40,6.12,25,3,WR11
19,"De'Von Achane",RB,MIA,6,20.94,10,43,7.07,11,3,RB7
20,"Trey McBride",TE,ARI,14,21.06,16,57,6.15,21,3,TE2
21,"DeVonta Smith",WR,PHI,10,24.10,12,45,6.76,34,4,WR12
22,"Saquon Barkley",RB,PHI,10,24.29,10,39,6.95,13,4,RB8
23,"Rashee Rice",WR,KC,5,24.65,9,48,9.10,26,4,WR13
24,"Malik Nabers",WR,NYG,8,24.76,11,51,9.42,28,4,WR14
25,"Omarion Hampton",RB,LAC,7,25.49,7,47,7.70,17,4,RB9
26,"Josh Allen",QB,BUF,7,25.84,21,39,2.66,23,4,QB1
27,"Kenneth Walker III",RB,KC,5,26.41,12,58,8.90,18,4,RB10
28,"Ashton Jeanty",RB,LV,13,26.70,11,56,9.52,15,4,RB11
29,"Garrett Wilson",WR,NYJ,13,29.58,14,47,7.78,38,4,WR15
30,"Zay Flowers",WR,BAL,13,30.26,15,48,8.28,35,4,WR16
31,"Lamar Jackson",QB,BAL,13,31.96,25,61,8.80,41,4,QB2
32,"Jaylen Waddle",WR,DEN,10,34.75,18,62,7.88,48,4,WR17
33,"Ladd McConkey",WR,LAC,7,34.85,18,51,7.19,44,4,WR18
34,"Tetairoa McMillan",WR,CAR,5,35.55,18,50,6.92,39,4,WR19
35,"Tee Higgins",WR,CIN,6,36.81,19,51,6.85,42,5,WR20
36,"Colston Loveland",TE,CHI,10,37.44,22,95,13.70,43,5,TE3
37,"Drake Maye",QB,NE,11,37.67,26,74,12.69,53,5,QB3
38,"Derrick Henry",RB,BAL,13,37.75,16,47,8.52,16,5,RB12
39,"Breece Hall",RB,NYJ,13,40.00,28,56,5.93,33,5,RB13
40,"Emeka Egbuka",WR,TB,10,40.91,15,62,7.24,40,5,WR21
41,"Jeremiyah Love",RB,ARI,14,41.37,27,65,8.17,29,5,RB14
42,"Kyren Williams",RB,LAR,11,41.45,24,59,6.73,30,5,RB15
43,"Javonte Williams",RB,DAL,14,44.61,31,61,6.03,31,5,RB16
44,"Joe Burrow",QB,CIN,6,45.81,27,72,12.92,54,5,QB4
45,"Josh Jacobs",RB,GB,11,46.93,24,67,8.53,32,5,RB17
46,"Terry McLaurin",WR,WAS,7,47.12,26,68,6.21,55,5,WR22
47,"Luther Burden III",WR,CHI,10,47.14,26,69,8.42,56,5,WR23
48,"Travis Etienne Jr.",RB,NO,8,47.61,31,65,7.58,36,5,RB18
49,"Davante Adams",WR,LAR,11,50.12,29,69,8.09,51,5,WR24
50,"DJ Moore",WR,BUF,7,52.07,19,100,12.60,50,5,WR25
51,"Tyler Warren",TE,IND,13,53.13,22,73,10.95,52,6,TE4
52,"Jayden Daniels",QB,WAS,7,53.29,27,101,15.55,62,6,QB5
53,"D'Andre Swift",RB,CHI,10,54.59,34,75,8.01,46,6,RB19
54,"Jameson Williams",WR,DET,6,54.74,40,96,10.27,58,6,WR26
55,"Mike Evans",WR,SF,8,56.13,38,83,10.77,64,6,WR27
56,"Jalen Hurts",QB,PHI,10,56.50,30,79,12.78,63,6,QB6
57,"Cam Skattebo",RB,NYG,8,57.34,41,77,8.32,37,6,RB20
58,"Rome Odunze",WR,CHI,10,57.49,40,88,9.47,61,6,WR28
59,"Christian Watson",WR,GB,11,57.65,38,107,10.81,66,6,WR29
60,"Bucky Irving",RB,TB,10,58.75,41,80,9.00,45,6,RB21
61,"David Montgomery",RB,HOU,8,61.35,43,78,8.62,49,6,RB22
62,"Quinshon Judkins",RB,CLE,11,61.94,39,78,9.30,47,6,RB23
63,"Parker Washington",WR,JAC,7,63.61,40,110,16.30,70,6,WR30
64,"Caleb Williams",QB,CHI,10,67.10,37,98,12.55,77,6,QB7
65,"Bhayshul Tuten",RB,JAC,7,67.17,43,93,9.67,57,6,RB24
66,"Carnell Tate",WR,TEN,9,68.27,45,116,14.79,74,6,WR31
67,"Marvin Harrison Jr.",WR,ARI,14,68.55,40,110,12.35,72,6,WR32
68,"TreVeyon Henderson",RB,NE,11,71.03,46,96,9.85,59,6,RB25
69,"Justin Herbert",QB,LAC,7,71.63,30,105,13.71,86,6,QB8
70,"Jadarian Price",RB,SEA,11,73.28,47,127,12.10,60,6,RB26
71,"Harold Fannin Jr.",TE,CLE,11,73.44,54,112,11.84,67,6,TE5
72,"Chris Godwin Jr.",WR,TB,10,76.47,45,121,14.27,93,7,WR33
73,"Rhamondre Stevenson",RB,NE,11,77.27,53,117,9.49,65,7,RB27
74,"Jaylen Warren",RB,PIT,9,77.43,65,99,8.12,69,7,RB28
75,"Trevor Lawrence",QB,JAC,7,77.84,54,105,13.06,83,7,QB9
76,"Dak Prescott",QB,DAL,14,78.25,54,105,11.81,75,7,QB10
77,"Kyle Pitts Sr.",TE,ATL,11,78.52,61,97,9.60,68,7,TE6
78,"DK Metcalf",WR,PIT,9,78.72,48,115,12.73,81,7,WR34
79,"Brian Thomas Jr.",WR,JAC,7,79.88,49,123,13.69,80,7,WR35
80,"Michael Pittman Jr.",WR,PIT,9,80.43,45,117,14.33,94,7,WR36
81,"Tucker Kraft",TE,GB,11,80.46,32,106,13.73,71,7,TE7
82,"Courtland Sutton",WR,DEN,10,83.30,49,116,14.56,76,7,WR37
83,"Tony Pollard",RB,TEN,9,84.81,67,120,10.01,78,7,RB29
84,"Wan'Dale Robinson",WR,TEN,9,85.53,48,123,14.65,96,7,WR38
85,"Sam LaPorta",TE,DET,6,85.96,54,131,13.95,73,7,TE8
86,"Josh Downs",WR,IND,13,87.17,52,133,15.00,112,7,WR39
87,"Michael Wilson",WR,ARI,14,88.30,52,133,16.48,85,7,WR40
88,"Rico Dowdle",RB,PIT,9,88.90,65,122,12.88,79,7,RB30
89,"Jonathon Brooks",RB,CAR,5,90.92,61,152,18.66,82,7,RB31
90,"Quentin Johnston",WR,LAC,7,95.74,68,134,13.81,110,7,WR41
91,"Brock Purdy",QB,SF,8,96.50,63,119,10.00,108,7,QB11
92,"RJ Harvey",RB,DEN,10,97.41,65,140,16.43,84,7,RB32
93,"Jaxson Dart",QB,NYG,8,97.46,59,119,12.90,91,7,QB12
94,"Travis Kelce",TE,KC,5,98.63,66,139,14.71,95,8,TE9
95,"George Kittle",TE,SF,8,98.93,66,229,18.80,88,8,TE10
96,"Chuba Hubbard",RB,CAR,5,98.95,72,141,16.68,89,8,RB33
97,"Bo Nix",QB,DEN,10,99.30,70,125,10.03,109,8,QB13
98,"Kenny Gainwell",RB,TB,10,99.69,65,141,14.27,98,8,RB34
99,"Alec Pierce",WR,IND,13,100.39,62,142,20.32,92,8,WR42
100,"J.K. Dobbins",RB,DEN,10,100.45,78,127,15.28,87,8,RB35
101,"Patrick Mahomes II",QB,KC,5,101.38,63,132,11.27,103,8,QB14
102,"Stefon Diggs",WR,WAS,7,96.40,48,215,31.74,104,8,WR43
103,"Jayden Reed",WR,GB,11,104.14,76,133,14.09,119,8,WR44
104,"Matthew Stafford",QB,LAR,11,104.30,63,129,12.83,90,8,QB15
105,"Jakobi Meyers",WR,JAC,7,104.49,68,150,18.30,118,8,WR45
106,"Jordan Addison",WR,MIN,6,105.61,71,165,15.88,106,8,WR46
107,"Jared Goff",QB,DET,6,106.40,63,131,10.26,125,8,QB16
108,"Makai Lemon",WR,PHI,10,109.69,71,149,17.91,114,8,WR47
109,"Rachaad White",RB,WAS,7,111.92,78,156,16.16,117,8,RB36
110,"Blake Corum",RB,LAR,11,112.02,80,143,13.77,101,8,RB37
111,"Dalton Kincaid",TE,BUF,7,112.33,85,155,16.17,122,8,TE11
112,"Kyler Murray",QB,MIN,6,112.90,92,134,8.61,136,8,QB17
113,"Jacory Croskey-Merritt",RB,WAS,7,113.83,72,135,15.84,105,8,RB38
114,"Jordan Mason",RB,MIN,6,115.64,75,146,16.16,102,8,RB39
115,"Aaron Jones Sr.",RB,MIN,6,115.69,77,156,17.41,120,8,RB40
116,"Kyle Monangai",RB,CHI,10,116.90,84,162,14.12,100,8,RB41
117,"Dallas Goedert",TE,PHI,10,117.25,85,173,17.03,111,8,TE12
118,"KC Concepcion",WR,CLE,11,118.43,74,289,28.57,126,8,WR48
119,"Baker Mayfield",QB,TB,10,118.44,70,141,9.72,135,8,QB18
120,"Jake Ferguson",TE,DAL,14,118.53,73,181,19.66,113,8,TE13
121,"Jordan Love",QB,GB,11,118.90,92,144,9.59,147,8,QB19
122,"Isaiah Likely",TE,NYG,8,123.08,87,236,29.25,107,8,TE14
123,"Khalil Shakir",WR,BUF,7,123.22,83,201,17.75,140,8,WR49
124,"Tyler Shough",QB,NO,8,124.23,98,207,13.66,149,8,QB20
125,"Jalen Coker",WR,CAR,5,124.40,81,176,17.41,146,8,WR50
126,"Romeo Doubs",WR,NE,11,127.52,81,176,16.12,129,8,WR51
127,"Matthew Golden",WR,GB,11,128.67,76,195,20.70,124,8,WR52
128,"Xavier Worthy",WR,KC,5,129.34,91,184,14.89,130,9,WR53
129,"Malik Willis",QB,MIA,6,130.02,98,255,22.69,163,9,QB21
130,"Mark Andrews",TE,BAL,13,131.70,87,229,23.70,127,9,TE15
131,"Juwan Johnson",TE,NO,8,134.20,87,226,22.46,151,9,TE16
132,"Jordyn Tyson",WR,NO,8,135.57,94,241,28.62,137,9,WR54
133,"Woody Marks",RB,HOU,8,137.43,93,168,14.07,132,9,RB42
134,"Tyler Allgeier",RB,ARI,14,138.70,117,177,12.13,144,9,RB43
135,"Tyjae Spears",RB,TEN,9,139.27,93,197,18.08,145,9,RB44
136,"Chris Rodriguez Jr.",RB,JAC,7,139.97,102,228,18.01,138,9,RB45
137,"Sam Darnold",QB,SEA,11,140.01,113,208,14.28,184,9,QB22
138,"De'Zhaun Stribling",WR,SF,8,132.98,71,281,42.71,121,9,WR55
139,"C.J. Stroud",QB,HOU,8,145.31,108,236,18.15,178,9,QB23
140,"Deebo Samuel Sr.",WR,SF,8,138.63,81,232,32.22,128,9,WR56
141,"Daniel Jones",QB,IND,13,148.04,113,255,24.91,174,9,QB24
142,"Dylan Sampson",RB,CLE,11,149.00,93,219,19.74,193,9,RB46
143,"Denzel Boston",WR,CLE,11,150.53,100,305,33.41,164,9,WR57
144,"Rashid Shaheed",WR,SEA,11,148.74,123,205,16.13,142,9,WR58
145,"Keaton Mitchell",RB,LAC,7,151.20,102,301,27.91,156,9,RB47
146,"Cam Ward",QB,TEN,9,156.55,128,255,21.06,211,9,QB25
147,"Zach Charbonnet",RB,SEA,11,154.63,117,275,28.50,141,9,RB48
148,"Jonah Coleman",RB,DEN,10,156.21,116,304,29.99,161,9,RB49
149,"Brenton Strange",TE,JAC,7,158.88,112,226,23.84,160,9,TE17
150,"Chig Okonkwo",TE,WAS,7,160.22,112,228,24.48,179,9,TE18
151,"Tre Tucker",WR,LV,13,163.30,116,247,25.57,177,9,WR59
152,"Dalton Schultz",TE,HOU,8,163.84,111,209,23.38,181,9,TE19
153,"Isiah Pacheco",RB,DET,6,164.16,127,252,24.93,154,9,RB50
154,"Hunter Henry",TE,NE,11,164.67,112,229,22.97,155,9,TE20
155,"Tyrone Tracy Jr.",RB,NYG,8,162.69,117,274,34.80,185,9,RB51
156,"Alvin Kamara",RB,NO,8,165.62,117,278,33.13,150,9,RB52
157,"Adonai Mitchell",WR,NYJ,13,166.70,110,232,25.31,216,9,WR60
158,"Houston Texans",DST,HOU,8,152.91,143,175,5.61,99,9,DST1
159,"Tank Bigsby",RB,PHI,10,171.72,133,243,24.68,170,10,RB53
160,"Bryce Young",QB,CAR,5,172.12,134,326,30.09,229,10,QB26
161,"Jerry Jeudy",WR,CLE,11,167.85,121,262,26.95,175,10,WR61
162,"Jauan Jennings",WR,MIN,6,166.32,109,282,31.54,200,10,WR62
163,"Mike Washington Jr.",RB,LV,13,165.69,117,308,38.02,143,10,RB54
164,"Braelon Allen",RB,NYJ,13,174.76,122,288,30.10,196,10,RB55
165,"Jalen McMillan",WR,TB,10,172.43,133,293,26.25,202,10,WR63
166,"Denver Broncos",DST,DEN,10,163.88,149,210,7.69,115,10,DST2
167,"MarShawn Lloyd",RB,GB,11,178.67,118,327,50.72,189,10,RB56
168,"Brian Robinson Jr.",RB,ATL,11,177.01,134,243,21.48,162,10,RB57
169,"Seattle Seahawks",DST,SEA,11,167.85,148,280,12.73,123,10,DST3
170,"Los Angeles Rams",DST,LAR,11,167.92,144,206,8.16,116,10,DST4
171,"Tre' Harris",WR,LAC,7,180.94,121,273,28.92,225,10,WR64
172,"Kayshon Boutte",WR,HOU,8,179.85,126,273,29.34,219,10,WR65
173,"Omar Cooper Jr.",WR,NYJ,13,180.63,126,315,37.31,221,10,WR66
174,"T.J. Hockenson",TE,MIN,6,190.28,112,297,27.41,159,10,TE21
175,"Dontayvion Wicks",WR,PHI,10,186.80,107,289,34.57,255,10,WR67
176,"Philadelphia Eagles",DST,PHI,10,174.85,156,235,9.40,139,10,DST5
177,"Ryan Flournoy",WR,DAL,14,184.93,136,328,30.22,262,10,WR68
178,"Jacoby Brissett",QB,ARI,14,194.02,129,338,40.87,244,10,QB27
179,"Malik Washington",WR,MIA,6,190.46,128,289,33.34,220,10,WR69
180,"Pat Bryant",WR,DEN,10,190.66,116,293,31.06,275,10,WR70
181,"Brandon Aubrey",K,DAL,14,185.31,129,193,8.31,97,10,K1
182,"Emmett Johnson",RB,KC,5,190.01,143,283,35.57,222,10,RB58
183,"Jalen Nailor",WR,LV,13,190.51,116,302,33.14,195,10,WR71
184,"Ray Davis",RB,BUF,7,194.79,145,271,33.83,223,10,RB59
185,"Pittsburgh Steelers",DST,PIT,9,186.35,161,239,8.78,152,10,DST6
186,"New England Patriots",DST,NE,11,186.62,160,356,18.94,153,10,DST7
187,"Minnesota Vikings",DST,MIN,6,186.07,164,252,12.28,158,10,DST8
188,"Keenan Allen",WR,IND,13,193.55,100,303,59.75,166,10,WR72
189,"Cameron Dicker",K,LAC,7,194.54,150,333,15.84,131,10,K2
190,"Jacksonville Jaguars",DST,JAC,7,189.41,151,280,17.53,172,10,DST9
191,"Ka'imi Fairbairn",K,HOU,8,191.80,134,212,7.60,134,10,K3
192,"Travis Hunter",WR,JAC,7,189.70,96,305,40.54,243,10,WR73
193,"Calvin Ridley",WR,TEN,9,202.40,133,312,33.83,191,10,WR74
194,"AJ Barner",TE,SEA,11,208.19,124,268,25.70,203,10,TE22
195,"Kimani Vidal",RB,LAC,7,201.15,157,317,35.65,234,10,RB60
196,"Los Angeles Chargers",DST,LAC,7,193.51,162,356,22.45,173,10,DST10
197,"Sean Tucker",RB,TB,10,205.19,148,337,37.06,242,10,RB61
198,"Jaylin Noel",WR,HOU,8,199.48,140,319,30.22,271,10,WR75
199,"Cam Little",K,JAC,7,198.89,168,253,8.67,148,10,K4
200,"Oronde Gadsden II",TE,LAC,7,211.22,97,295,42.07,245,11,TE23
201,"Jason Myers",K,SEA,11,200.11,171,253,9.02,133,11,K5
202,"Baltimore Ravens",DST,BAL,13,198.22,161,356,23.30,157,11,DST11
203,"Terrance Ferguson",TE,LAR,11,212.55,112,281,42.44,199,11,TE24
204,"Tyler Loop",K,BAL,13,208.71,181,257,11.89,182,11,K6
205,"Aaron Rodgers",QB,PIT,9,217.06,153,341,37.70,235,11,QB28
206,"Gunnar Helm",TE,TEN,9,220.60,143,316,31.19,269,11,TE25
207,"Eddy Pineiro",K,SF,8,207.85,175,250,10.56,183,11,K7
208,"Tank Dell",WR,HOU,8,210.82,136,350,33.05,169,11,WR76
209,"Nicholas Singleton",RB,TEN,9,218.38,148,323,37.49,236,11,RB62
210,"Geno Smith",QB,NYJ,13,222.37,147,342,35.29,374,11,QB29
211,"Kansas City Chiefs",DST,KC,5,209.57,178,280,18.51,207,11,DST12
212,"Kenyon Sadiq",TE,NYJ,13,222.82,138,375,34.90,165,11,TE26
213,"Green Bay Packers",DST,GB,11,204.16,183,280,21.04,186,11,DST13
214,"James Conner",RB,ARI,14,210.54,130,332,43.47,205,11,RB63
215,"Jake Bates",K,DET,6,221.32,185,282,16.09,167,11,K8
216,"Cairo Santos",K,CHI,10,216.38,179,282,12.80,194,11,K9
217,"Isaac TeSlaa",WR,DET,6,217.29,165,302,25.74,260,11,WR77
218,"Cooper Kupp",WR,SEA,11,222.90,142,289,27.60,208,11,WR78
219,"Rashod Bateman",WR,BAL,13,226.07,150,327,29.47,274,11,WR79
220,"Darnell Mooney",WR,NYG,8,218.92,163,362,26.77,286,11,WR80
221,"Troy Franklin",WR,DEN,10,215.45,142,341,39.86,279,11,WR81
222,"Evan McPherson",K,CIN,6,215.91,173,282,16.18,188,11,K10
223,"Jaydon Blue",RB,DAL,14,225.96,145,321,42.61,228,11,RB64
224,"Detroit Lions",DST,DET,6,220.37,174,330,26.28,176,11,DST14
225,"Pat Freiermuth",TE,PIT,9,238.43,155,333,27.27,238,11,TE27
226,"Harrison Mevis",K,LAR,11,227.54,193,333,23.06,168,11,K11
227,"Andy Borregales",K,NE,11,224.00,188,286,19.41,226,11,K12
228,"Kaytron Allen",RB,WAS,7,231.47,156,343,38.05,240,11,RB65
229,"Chase McLaughlin",K,TB,10,227.13,180,286,19.52,217,11,K13
230,"Germie Bernard",WR,PIT,9,232.89,166,328,30.48,272,11,WR82
231,"Cleveland Browns",DST,CLE,11,219.25,183,318,31.47,197,11,DST15
232,"Emanuel Wilson",RB,SEA,11,228.63,132,393,40.32,293,11,RB66
233,"Buffalo Bills",DST,BUF,7,227.51,189,349,26.62,192,11,DST16
234,"Cade Otton",TE,TB,10,240.23,178,320,24.96,239,11,TE28
235,"Ja'Kobi Lane",WR,BAL,13,224.49,149,326,48.06,171,11,WR83
236,"Zachariah Branch",WR,ATL,11,234.59,160,316,34.00,259,11,WR84
237,"Greg Dulcich",TE,MIA,6,208.50,131,306,38.55,213,11,TE29
238,"Antonio Williams",WR,WAS,7,233.31,136,362,40.17,267,11,WR85
239,"Jaylen Wright",RB,MIA,6,236.75,162,308,28.17,250,11,RB67
240,"Justice Hill",RB,BAL,13,236.64,141,327,40.36,256,11,RB68
241,"George Holani",RB,SEA,11,243.54,154,332,41.53,257,11,RB69
242,"Kaelon Black",RB,SF,8,237.91,128,327,50.90,201,11,RB70
243,"Jack Bech",WR,LV,13,237.97,140,391,32.69,290,11,WR86
244,"Evan Engram",TE,DEN,10,253.98,195,306,25.23,353,11,TE30
245,"David Njoku",TE,LAC,7,250.52,144,355,30.11,210,11,TE31
246,"Caleb Douglas",WR,MIA,6,213.08,115,341,56.58,209,11,WR87
247,"Harrison Butker",K,KC,5,242.86,192,333,25.01,180,11,K14
248,"Malachi Fields",WR,NYG,8,237.79,137,328,34.31,232,11,WR88
249,"Keon Coleman",WR,BUF,7,246.57,154,331,31.93,291,11,WR89
250,"Devaughn Vele",WR,NO,8,248.43,154,302,36.60,252,12,WR90
251,"Chris Boswell",K,PIT,9,241.68,195,282,18.34,206,12,K15
252,"Fernando Mendoza",QB,LV,13,259.46,159,368,37.89,224,12,QB30
253,"Chimere Dike",WR,TEN,9,243.38,165,344,37.10,327,12,WR91
254,"Ted Hurst III",WR,TB,10,243.65,154,391,39.59,281,12,WR92
255,"Ollie Gordon II",RB,MIA,6,248.82,162,332,30.32,391,12,RB71
256,"Chris Bell",WR,MIA,6,245.76,174,310,33.53,248,12,WR93
257,"Isaiah Davis",RB,NYJ,13,254.11,164,326,26.69,558,12,RB72
258,"Elic Ayomanor",WR,TEN,9,250.85,180,350,33.20,304,12,WR94
259,"Demond Claiborne",RB,MIN,6,252.12,156,354,35.17,300,12,RB73
260,"Najee Harris",RB,NYG,8,248.90,157,360,51.63,237,12,RB74
261,"Samaje Perine",RB,CIN,6,262.43,152,331,40.01,372,12,RB75
262,"Colby Parkinson",TE,LAR,11,265.87,215,345,20.28,296,12,TE32
263,"Tua Tagovailoa",QB,ATL,11,271.77,139,348,34.54,282,12,QB31
264,"LeQuint Allen Jr.",RB,JAC,7,262.61,160,343,30.05,400,12,RB76
265,"Tory Horton",WR,SEA,11,261.36,208,369,26.87,294,12,WR95
266,"Ty Johnson",RB,BUF,7,259.93,162,332,28.78,467,12,RB77
267,"Cyrus Allen",WR,KC,5,222.54,123,376,58.30,198,12,WR96
268,"Jordan James",RB,SF,8,265.09,164,343,35.84,231,12,RB78
269,"Will Reichard",K,MIN,6,253.73,183,332,29.30,190,12,K16
270,"Wil Lutz",K,DEN,10,264.51,182,333,28.27,204,12,K17
271,"Elijah Sarratt",WR,BAL,13,261.51,204,323,24.52,339,12,WR97
272,"Tyquan Thornton",WR,KC,5,264.87,166,373,31.54,416,12,WR98
273,"Darius Slayton",WR,NYG,8,264.98,184,334,25.92,435,12,WR99
274,"Chris Brooks",RB,GB,11,271.02,175,358,29.44,398,12,RB79
275,"Mason Taylor",TE,NYJ,13,274.14,200,336,27.53,280,12,TE33
276,"Christian Kirk",WR,SF,8,264.43,176,374,32.99,254,12,WR100
277,"Xavier Legette",WR,CAR,5,264.31,195,332,30.03,438,12,WR101
278,"Marvin Mims Jr.",WR,DEN,10,267.61,208,369,26.56,287,12,WR102
279,"Theo Johnson",TE,NYG,8,280.55,203,349,27.90,312,12,TE34
280,"San Francisco 49ers",DST,SF,8,257.74,165,356,30.13,230,12,DST17
281,"Malik Davis",RB,DAL,14,273.98,177,358,30.57,314,12,RB80
282,"Michael Penix Jr.",QB,ATL,11,286.59,199,346,27.55,278,12,QB32
283,"Kirk Cousins",QB,LV,13,288.36,179,347,32.50,295,12,QB33
284,"DJ Giddens",RB,IND,13,272.42,226,327,23.49,422,12,RB81
285,"Deshaun Watson",QB,CLE,11,289.63,221,346,26.05,380,12,QB34
286,"Atlanta Falcons",DST,ATL,11,268.65,167,356,41.45,233,12,DST18
287,"Devin Neal",RB,NO,8,272.15,201,364,33.11,338,12,RB82
288,"Seth McGowan",RB,IND,13,273.67,175,343,41.15,526,12,RB83
289,"Eli Stowers",TE,PHI,10,285.73,203,377,37.52,258,12,TE35
290,"New Orleans Saints",DST,NO,8,260.47,172,337,37.78,246,12,DST19
291,"Shedeur Sanders",QB,CLE,11,297.83,204,348,27.13,247,12,QB35
292,"Kendre Miller",RB,NO,8,283.47,162,365,33.73,316,12,RB84
293,"Brashard Smith",RB,KC,5,282.62,222,366,25.90,319,12,RB85
294,"Kyle Williams",WR,NE,11,274.17,202,369,32.99,264,12,WR103
295,"Adam Randall",RB,BAL,13,287.05,201,337,30.15,607,12,RB86
296,"Hollywood Brown",WR,PHI,10,288.84,239,382,22.97,301,12,WR104
297,"Emari Demercado",RB,KC,5,291.04,162,380,33.13,369,12,RB87
298,"Trey Benson",RB,ARI,14,276.37,160,349,36.44,310,12,RB88
299,"Mike Gesicki",TE,CIN,6,273.20,226,352,23.67,358,12,TE36
300,"Devin Singletary",RB,NYG,8,297.12,234,366,22.51,289,12,RB89
301,"Mack Hollins",WR,NE,11,281.14,199,387,34.89,352,13,WR105
302,"Isaiah Bond",WR,CLE,11,290.78,230,380,26.21,569,13,WR106
303,"Kaleb Johnson",RB,PIT,9,293.05,214,381,32.78,324,13,RB90
304,"Skyler Bell",WR,BUF,7,292.25,222,386,31.80,350,13,WR107
305,"Indianapolis Colts",DST,IND,13,275.27,171,356,36.46,268,13,DST20
306,"Trevor Etienne",RB,CAR,5,302.97,238,337,19.57,589,13,RB91
307,"Darren Waller",TE,CAR,5,267.93,209,357,35.78,405,13,TE37
308,"Chicago Bears",DST,CHI,10,263.15,167,355,50.96,212,13,DST21
309,"Jake Tonges",TE,SF,8,290.52,158,358,33.43,297,13,TE38
310,"Brandon Aiyuk",WR,SF,8,273.53,163,381,49.20,265,13,WR108
311,"Andrei Iosivas",WR,CIN,6,277.02,195,359,33.78,407,13,WR109
312,"Charlie Smyth",K,NO,8,280.84,187,333,41.45,442,13,K18
313,"Jerome Ford",RB,WAS,7,301.17,239,365,22.76,615,13,RB92
314,"Jarquez Hunter",RB,MIA,6,299.51,238,368,22.27,386,13,RB93
315,"Jaleel McLaughlin",RB,DEN,10,294.20,233,358,23.99,624,13,RB94
316,"Isaac Guerendo",RB,SF,8,303.92,237,379,24.83,561,13,RB95
317,"Tahj Brooks",RB,CIN,6,302.08,231,332,19.97,445,13,RB96
318,"Oscar Delp",TE,NO,8,305.71,254,381,33.06,606,13,TE39
319,"Audric Estime",RB,NO,8,307.29,251,364,21.28,378,13,RB97
320,"Tyreek Hill",WR,FA,,282.33,192,385,41.82,215,13,WR110
321,"Jahan Dotson",WR,ATL,11,276.43,154,374,49.09,522,13,WR111
322,"Darnell Washington",TE,PIT,9,293.55,229,356,31.03,284,13,TE40
323,"Will Shipley",RB,PHI,10,310.15,244,360,18.71,481,13,RB98
324,"Michael Mayer",TE,LV,13,299.16,241,361,30.11,446,13,TE41
325,"DeMario Douglas",WR,NE,11,281.59,168,385,58.18,566,13,WR112
326,"Elijah Arroyo",TE,SEA,11,300.78,209,367,33.00,329,13,TE42
327,"Jalen Tolbert",WR,MIA,6,289.55,194,378,46.50,511,13,WR113
328,"Bryce Lance",WR,NO,8,289.80,180,351,41.49,390,13,WR114
329,"Charlie Kolar",TE,LAC,7,284.32,196,382,40.34,425,13,TE43
330,"Dallas Cowboys",DST,DAL,14,249.17,183,356,51.53,187,13,DST22
331,"Xavier Hutchinson",WR,HOU,8,286.64,176,384,58.34,612,13,WR115
332,"Carson Beck",QB,ARI,14,318.70,244,359,23.58,313,13,QB36
333,"Cole Kmet",TE,CHI,10,320.41,259,381,26.84,288,13,TE44
334,"J.J. McCarthy",QB,MIN,6,325.72,281,374,17.92,249,13,QB37
335,"Erick All Jr.",TE,CIN,6,313.79,209,409,39.63,,13,TE45
336,"Tyler Higbee",TE,LAR,11,323.27,268,379,26.47,335,13,TE46
337,"Kareem Hunt",RB,FA,,314.33,262,378,21.41,537,13,RB99
338,"Tez Johnson",WR,TB,10,312.79,223,386,32.93,597,13,WR116
339,"Konata Mumpfield",WR,LAR,11,308.44,258,377,30.28,351,13,WR117
340,"Bam Knight",RB,ARI,14,291.97,233,337,27.43,,13,RB100
341,"Olamide Zaccheaus",WR,ATL,11,313.03,258,371,29.24,548,13,WR118
342,"Jalen Royals",WR,KC,5,316.32,265,376,28.63,413,13,WR119
343,"Cedric Tillman",WR,FA,,319.47,273,391,31.31,,13,WR120
344,"Joe Mixon",RB,FA,,307.38,251,354,27.04,270,13,RB101
345,"Eli Raridon",TE,NE,11,322.73,209,411,37.65,336,14,TE47
346,"Luke McCaffrey",WR,WAS,7,320.53,264,402,30.63,308,14,WR121
347,"Kendrick Bourne",WR,ARI,14,292.46,224,365,46.30,613,14,WR122
348,"Dawson Knox",TE,BUF,7,329.34,268,414,30.81,303,14,TE48
349,"Joshua Palmer",WR,BUF,7,302.63,239,376,35.71,334,14,WR123
350,"Max Klare",TE,LAR,11,326.75,274,380,25.34,342,14,TE49
351,"Chris Brazzell II",WR,CAR,5,299.19,237,376,36.76,631,14,WR124
352,"Brenen Thompson",WR,LAC,7,316.32,258,396,36.60,605,14,WR125
353,"Mac Jones",QB,SF,8,333.49,294,378,18.00,328,14,QB38
354,"Noah Gray",TE,KC,5,326.57,290,367,22.52,354,14,TE50
355,"Eli Heidenreich",RB,PIT,9,307.31,263,354,24.41,,14,RB102
356,"New York Giants",DST,NYG,8,253.00,172,357,52.66,218,14,DST23
357,"Jake Elliott",K,PHI,10,289.14,197,365,41.93,241,14,K19
358,"Carolina Panthers",DST,CAR,5,278.32,185,356,54.99,251,14,DST24
359,"Treylon Burks",WR,WAS,7,318.93,222,408,44.83,610,14,WR126
360,"Ja'Tavion Sanders",TE,CAR,5,329.75,256,399,32.62,326,14,TE51
361,"Tyler Bass",K,BUF,7,278.00,193,359,45.92,227,14,K20
362,"Tennessee Titans",DST,TEN,9,234.77,161,355,59.04,277,14,DST25
363,"Malik Benson",WR,LV,13,313.64,239,397,46.99,483,14,WR127
364,"Trey Smack",K,GB,11,258.13,205,353,48.10,214,14,K21
365,"Justin Fields",QB,KC,5,345.34,295,389,22.32,321,14,QB39
366,"Tampa Bay Buccaneers",DST,TB,10,266.86,187,356,56.93,276,14,DST26
367,"Justin Joly",TE,DEN,10,338.45,261,378,28.42,418,14,TE52
368,"Ty Simpson",QB,LAR,11,344.23,294,382,21.49,261,14,QB40
369,"Nick Folk",K,ATL,11,258.25,187,366,57.56,266,14,K22
370,"Jawhar Jordan",RB,HOU,8,329.96,288,407,27.36,584,14,RB103
371,"Michael Carter",RB,TEN,9,329.96,282,387,28.79,,14,RB104
372,"Cincinnati Bengals",DST,CIN,6,265.33,185,356,63.24,253,14,DST27
373,"Savion Williams",WR,GB,11,337.12,291,374,25.39,627,14,WR128
374,"Zane Gonzalez",K,FA,,280.46,203,339,53.17,510,14,K23
375,"Roman Wilson",WR,PIT,9,298.20,219,382,46.63,431,14,WR129
376,"Raheim Sanders",RB,CLE,11,317.00,266,363,21.56,536,14,RB105
377,"Kevin Coleman Jr.",WR,MIA,6,329.48,241,374,39.37,581,14,WR130
378,"Kalif Raymond",WR,CHI,10,323.11,245,377,41.48,487,14,WR131
379,"KaVontae Turpin",WR,DAL,14,307.87,223,376,50.63,348,14,WR132
380,"Dont'e Thornton Jr.",WR,LV,13,322.35,272,368,33.15,474,14,WR133
381,"Joe Flacco",QB,CIN,6,343.86,296,381,23.57,318,14,QB41
382,"Anthony Richardson Sr.",QB,IND,13,346.73,295,392,25.35,449,14,QB42
383,"John Metchie III",WR,CAR,5,323.27,272,375,38.27,571,14,WR134
384,"Roschon Johnson",RB,CHI,10,319.93,275,387,31.74,665,14,RB106
385,"Noah Fant",TE,NO,8,346.33,290,383,22.29,396,14,TE53
386,"Tutu Atwell",WR,LAR,11,332.00,247,380,39.01,598,14,WR135
387,"Washington Commanders",DST,WAS,7,220.83,190,358,61.48,273,14,DST28
388,"Colbie Young",WR,CIN,6,318.54,240,380,40.02,325,14,WR136
389,"Blake Grupe",K,IND,13,253.43,205,364,59.04,302,14,K24
390,"Demarcus Robinson",WR,SF,8,321.23,241,388,48.91,419,14,WR137
391,"Kyle Juszczyk",RB,SF,8,302.70,201,359,51.08,382,14,RB107
392,"Zavion Thomas",WR,CHI,10,335.47,294,387,30.10,346,14,WR138
393,"CJ Daniels",WR,LAR,11,331.64,277,384,31.09,514,14,WR139
394,"Joey Slye",K,TEN,9,243.50,199,370,59.73,333,14,K25
395,"Phil Mafah",RB,DAL,14,327.23,283,383,28.39,,14,RB108
396,"Jaylin Lane",WR,WAS,7,348.61,298,410,28.80,541,14,WR140
397,"Ryan Fitzgerald",K,CAR,5,247.50,203,368,57.93,332,14,K26
398,"Nick Westbrook-Ikhine",WR,IND,13,341.27,218,412,48.49,604,14,WR141
399,"Chad Ryland",K,ARI,14,274.14,197,369,66.68,311,14,K27
400,"Luke Musgrave",TE,GB,11,354.05,300,378,19.22,389,14,TE54
401,"Brandon McManus",K,FA,,229.80,198,314,42.51,385,14,K28
402,"Miami Dolphins",DST,MIA,6,280.29,185,359,77.02,285,14,DST29
403,"J'Mari Taylor",RB,JAC,7,330.42,307,364,19.22,,14,RB109
404,"Daniel Carlson",K,NO,8,236.80,209,282,26.09,388,14,K29
405,"Tommy Tremble",TE,CAR,5,346.40,295,401,28.07,357,14,TE55
406,"Devontez Walker",WR,BAL,13,327.45,258,380,37.40,331,14,WR142
407,"Ashton Dulin",WR,IND,13,321.10,298,370,20.31,499,14,WR143
408,"Ben Sauls",K,NYG,8,243.40,192,282,34.66,309,14,K30
409,"Marcus Mariota",QB,WAS,7,353.56,297,398,28.08,455,14,QB43
410,"Jameis Winston",QB,NYG,8,350.67,319,388,19.28,305,14,QB44
411,"Las Vegas Raiders",DST,LV,13,255.60,170,360,69.26,263,14,DST30
412,"Barion Brown",WR,NO,8,316.00,241,396,59.10,441,14,WR144
413,"Jordan Whittington",WR,LAR,11,343.83,302,385,28.99,344,14,WR145
414,"Jam Miller",RB,NE,11,339.00,297,371,24.09,679,14,RB110
415,"Rasheen Ali",RB,BAL,13,337.30,310,373,24.75,,15,RB111
416,"Cade Klubnik",QB,NYJ,13,347.83,325,398,22.50,341,15,QB45
417,"Ben Sinnott",TE,WAS,7,352.15,330,383,15.88,609,15,TE56
418,"Sione Vaki",RB,DET,6,316.86,275,343,20.46,670,15,RB112
419,"New York Jets",DST,NYJ,13,258.25,191,361,68.33,502,15,DST31
420,"Joe Milton III",QB,DAL,14,355.17,321,398,23.70,379,15,QB46
421,"John Bates",TE,WAS,7,341.67,274,395,36.06,601,15,TE57
422,"Austin Hooper",TE,ATL,11,353.09,309,392,24.67,452,15,TE58
423,"Mitchell Evans",TE,CAR,5,365.47,305,395,23.45,,15,TE59
424,"Isaiah Williams",WR,NYJ,13,300.80,264,346,28.07,602,15,WR146
425,"Spencer Shrader",K,IND,13,241.67,211,261,21.93,337,15,K31
426,"Daniel Bellinger",TE,TEN,9,360.00,312,392,24.13,553,15,TE60
427,"Austin Ekeler",RB,FA,,354.20,313,385,21.46,573,15,RB113
428,"Tyler Goodson",RB,ATL,11,336.57,313,373,22.23,,15,RB114
429,"Hunter Luepke",RB,DAL,14,312.60,292,337,14.35,507,15,RB115
430,"Tommy Myers",TE,FA,,293.75,254,373,48.58,,15,TE61
431,"Tai Felton",WR,MIN,6,316.00,277,350,29.25,520,15,WR147
432,"Dameon Pierce",RB,PHI,10,347.50,320,365,16.23,,15,RB116
433,"Elijah Higgins",TE,ARI,14,355.22,337,370,10.43,364,15,TE62
434,"Dyami Brown",WR,WAS,7,337.67,287,378,35.11,600,15,WR148
435,"Odell Beckham Jr.",WR,NYG,8,326.80,262,361,34.15,340,15,WR149
436,"Greg Dortch",WR,DET,6,360.22,302,397,27.80,463,15,WR150
437,"Marlin Klein",TE,HOU,8,329.80,274,357,30.29,489,15,TE63
438,"Deion Burks",WR,IND,13,342.33,319,370,20.20,,15,WR151
439,"Drew Stevens",K,WAS,7,290.33,250,363,51.49,298,15,K32
440,"Van Jefferson",WR,WAS,7,320.50,264,371,38.32,652,15,WR152
441,"Dylan Laube",RB,LV,13,338.60,313,365,18.58,,15,RB117
442,"Jake Moody",K,FA,,249.00,216,282,33.00,330,15,K33
443,"Jason Sanders",K,NYJ,13,302.00,200,373,73.95,315,15,K34
444,"Terrell Jennings",RB,FA,,345.00,318,375,20.58,,15,RB118
445,"Damien Martinez",RB,GB,11,361.29,332,394,20.45,,15,RB119
446,"Alec Ingold",RB,LAC,7,270.50,263,278,7.50,,15,RB120
447,"Reggie Gilliam",RB,NE,11,335.00,304,389,32.41,630,15,RB121
448,"Jeremy McNichols",RB,WAS,7,347.80,322,385,22.50,,15,RB122
449,"Jonnu Smith",TE,GB,11,336.25,275,387,42.74,,15,TE64
450,"Matt Hibner",TE,BAL,13,348.80,298,370,26.04,,15,TE65
451,"Robert Henry Jr.",RB,WAS,7,337.00,270,384,47.98,,15,RB123
452,"Ronnie Rivers",RB,LAR,11,338.25,292,365,28.48,664,15,RB124
453,"Josh Williams",RB,TB,10,278.00,243,313,35.00,323,15,RB125
454,"Mitch Tinsley",WR,CIN,6,340.00,277,387,42.15,618,15,WR153
455,"Zavier Scott",RB,MIN,6,340.25,317,365,19.49,,15,RB126
456,"Khalil Herbert",RB,SF,8,341.75,231,390,64.57,656,15,RB127
457,"Arizona Cardinals",DST,ARI,14,287.00,212,362,75.00,299,15,DST32
458,"Will Kacmarek",TE,MIA,6,343.00,315,384,27.81,356,15,TE66
459,"Jahdae Walker",WR,CHI,10,343.75,307,377,24.83,393,15,WR154
460,"Josh Oliver",TE,MIN,6,355.40,320,372,18.42,377,15,TE67
461,"Elijah Moore",WR,PHI,10,345.00,305,388,39.11,654,15,WR155
462,"Patrick Ricard",RB,NYG,8,328.33,278,393,48.03,530,15,RB128
463,"Roman Hemby",RB,LV,13,295.50,273,318,22.50,,15,RB129
464,"Tyler Badie",RB,DEN,10,296.00,234,358,62.00,,15,RB130
465,"Isaiah Williams",WR,FA,,297.50,221,374,76.50,,15,WR156
466,"DeAndre Hopkins",WR,BAL,13,336.00,287,384,39.61,464,15,WR157
467,"Max Bredeson",RB,MIN,6,305.50,301,310,4.50,524,15,RB131
468,"Ty Chandler",RB,NO,8,338.33,278,394,47.47,,15,RB132
469,"Antonio Gibson",RB,FA,,343.67,325,363,15.52,586,15,RB133
470,"Tyler Lockett",WR,LV,13,316.50,305,328,11.50,,15,WR158
471,"Adam Prentice",RB,DEN,10,317.00,317,317,0.00,616,15,RB134
472,"Jordan Watkins",WR,SF,8,318.00,315,321,3.00,,15,WR159
473,"Zach Ertz",TE,FA,,367.80,349,384,11.92,579,15,TE68
474,"Jacob Cowing",WR,SF,8,347.67,316,375,24.28,,15,WR160
475,"Tanner Koziol",TE,JAC,7,368.20,354,377,7.78,500,15,TE69
476,"Xavier Smith",WR,LAR,11,361.00,289,397,42.43,397,15,WR161
477,"Tim Patrick",WR,NYJ,13,361.00,323,397,30.10,646,15,WR162
478,"Riley Leonard",QB,IND,13,371.20,351,381,11.03,595,15,QB47
479,"British Brooks",RB,HOU,8,330.00,322,338,8.00,636,15,RB135
480,"Quinn Ewers",QB,MIA,6,353.00,345,366,9.27,401,15,QB48
481,"Lew Nichols III",RB,PIT,9,331.50,326,337,5.50,,15,RB136
482,"Jimmy Horn Jr.",WR,CAR,5,365.25,346,384,16.90,439,15,WR163
483,"Jacob Saylors",RB,DET,6,333.00,329,337,4.00,594,15,RB137
484,"Jackson Hawes",TE,BUF,7,372.80,357,390,11.48,436,15,TE70
485,"Drew Allar",QB,PIT,9,334.00,326,342,8.00,306,15,QB49
486,"Marquez Valdes-Scantling",WR,DAL,14,357.67,323,379,24.73,459,16,WR164
487,"Chris Blair",WR,ATL,11,339.00,332,346,7.00,,16,WR165
488,"Tyrod Taylor",QB,GB,11,360.33,328,383,23.47,367,16,QB50
489,"Moliki Matavao",TE,NO,8,343.00,291,395,52.00,,16,TE71
490,"Jake Browning",QB,TB,10,343.00,308,378,35.00,384,16,QB51
491,"Michael Woods II",WR,DEN,10,344.50,293,396,51.50,,16,WR166
492,"Jalen Reagor",WR,MIA,6,363.33,322,393,30.14,,16,WR167
493,"Xavier Restrepo",WR,TEN,9,346.00,313,379,33.00,,16,WR168
494,"Drew Sample",TE,CIN,6,364.33,355,375,8.22,493,16,TE72
495,"Adam Trautman",TE,DEN,10,383.00,361,413,17.83,432,16,TE73
496,"Dominic Zvada",K,NYG,8,352.50,333,372,19.50,362,16,K35
497,"Cade Stover",TE,HOU,8,356.00,355,357,1.00,496,16,TE74
498,"Kene Nwangwu",RB,NYJ,13,356.50,343,370,13.50,,16,RB138
499,"Gardner Minshew II",QB,ARI,14,357.50,335,380,22.50,572,16,QB52
500,"Reggie Virgil",WR,ARI,14,357.50,344,371,13.50,629,16,WR169
501,"Noah Whittington",RB,HOU,8,359.50,338,381,21.50,,16,RB139
502,"Cash Jones",RB,ATL,11,360.50,338,383,22.50,,16,RB140
503,"Michael Burton",RB,CLE,11,362.00,326,398,36.00,617,16,RB141
504,"Durham Smythe",TE,BAL,13,363.50,342,385,21.50,596,16,TE75
505,"Tyson Bagent",QB,CHI,10,366.00,347,385,19.00,599,16,QB53
506,"Nate Boerkircher",TE,JAC,7,377.00,362,395,13.64,608,16,TE76
507,"Jeremy Ruckert",TE,NYJ,13,377.67,370,382,5.44,504,16,TE77
508,"KeAndre Lambert-Smith",WR,LAC,7,368.00,351,385,17.00,509,16,WR170
509,"Tanner Hudson",TE,CIN,6,380.67,375,386,4.50,603,16,TE78
510,"Luke Schoonmaker",TE,DAL,14,375.50,372,379,3.50,365,16,TE79
511,"Frank Gore Jr.",RB,BUF,7,377.50,366,389,11.50,556,16,RB142
512,"Josh Cameron",WR,JAC,7,377.50,373,382,4.50,640,16,WR171
513,"Jaret Patterson",RB,LAC,7,378.50,364,393,14.50,,16,RB143
514,"Trey Lance",QB,LAC,7,378.50,368,389,10.50,428,16,QB54
515,"Velus Jones Jr.",WR,SEA,11,381.00,378,384,3.00,,16,WR172
516,"Jaydn Ott",RB,KC,5,383.50,378,389,5.50,,16,RB144
517,"Lil'Jordan Humphrey",WR,DEN,10,389.50,373,406,16.50,355,16,WR173